first,second,meta_1
rekagable,rekagable,91
tisable,tisable,92
undistiser,undistiser,93
diskag,diskag,94
sidtiselba,sidtiselba,95
kager,kager,96
ernutisyl,ernutisyl,97
unkag,unkag,98
undistisable,undistisable,99
ertis,ertis,100
unrekag,unrekag,101
unrevivly,unrevivly,102
nusidtisre,nusidtisre,103
unretis,unretis,104
sidkag,sidkag,105
nuviv,nuviv,106
unrekagable,unrekagable,107
ertisyl,ertisyl,108
untis,untis,109
kagable,kagable,110
nukag,nukag,111
unreviv,unreviv,112
revivly,revivly,113
sidtisyl,sidtisyl,114
unrekagly,unrekagly,115
distis,distis,116
erkagelba,erkagelba,117
kag,kag,118
nusidvivyl,nusidvivyl,119
ernuvivyl,ernuvivyl,120
sidvivyl,sidvivyl,121
undiskag,undiskag,122
ervivyl,ervivyl,0
diskagable,diskagable,1
viv,viv,2
rekag,rekag,3
nusidkagyl,nusidkagyl,4
tisly,tisly,5
nusidvivelba,nusidvivelba,6
unrekager,unrekager,7
nusidtiselba,nusidtiselba,8
unkagable,unkagable,9
nusidkag,nusidkag,10
sidviv,sidviv,11
retis,retis,12
ernutisre,ernutisre,13
ernutis,ernutis,14
ernukagre,ernukagre,15
kagly,kagly,16
disvivly,disvivly,17
undiskagly,undiskagly,18
vivre,vivre,19
distisable,distisable,20
unkagly,unkagly,21
kagyl,kagyl,22
unretisable,unretisable,23
undiskagable,undiskagable,24
sidtis,sidtis,25
sidkagyl,sidkagyl,26
nukagyl,nukagyl,27
nuvivelba,nuvivelba,28
undistisly,undistisly,29
undisviv,undisviv,30
disvivable,disvivable,31
ernukag,ernukag,32
unvivable,unvivable,33
kagelba,kagelba,34
revivable,revivable,35
undisvivly,undisvivly,36
ernuviv,ernuviv,37
erkag,erkag,38
diskagly,diskagly,39
ernukagelba,ernukagelba,40
erviv,erviv,41
nusidviv,nusidviv,42
unrevivable,unrevivable,43
unvivly,unvivly,44
vivable,vivable,45
unretiser,unretiser,46
undiskager,undiskager,47
tisre,tisre,48
tiser,tiser,49
ernukagyl,ernukagyl,50
unreviver,unreviver,51
tiselba,tiselba,52
tisyl,tisyl,53
vivyl,vivyl,54
untisable,untisable,55
nutisyl,nutisyl,56
retisly,retisly,57
nusidtis,nusidtis,58
ernutiselba,ernutiselba,59
vivly,vivly,60
nusidkagelba,nusidkagelba,61
sidkagelba,sidkagelba,62
ertiselba,ertiselba,63
unviv,unviv,64
undistis,undistis,65
distisly,distisly,66
retisable,retisable,67
erkagyl,erkagyl,68
nusidkagre,nusidkagre,69
nuvivyl,nuvivyl,70
rekagly,rekagly,71
ernuvivre,ernuvivre,72
nutiselba,nutiselba,73
undisviver,undisviver,74
disviv,disviv,75
nusidvivre,nusidvivre,76
sidvivelba,sidvivelba,77
undisvivable,undisvivable,78
reviv,reviv,79
unretisly,unretisly,80
ervivelba,ervivelba,81
nusidtisyl,nusidtisyl,82
nukagelba,nukagelba,83
vivelba,vivelba,84
viver,viver,85
untisly,untisly,86
tis,tis,87
kagre,kagre,88
ernuvivelba,ernuvivelba,89
nutis,nutis,90
